{"cameraMode":{"drawMode":0,"name":"Shaded","section":"Shading Mode"},"sceneLighting":false,"audioPlay":false,"sceneViewState":{"m_AlwaysRefresh":false,"showFog":true,"showSkybox":false,"showFlares":true,"showImageEffects":true,"showParticleSystems":true,"showVisualEffectGraphs":true,"m_FxEnabled":true},"in2DMode":false,"pivot":{"x":-0.6822588443756104,"y":-0.1605437994003296,"z":0.18736886978149415},"rotation":{"x":-0.1553325057029724,"y":0.2395208477973938,"z":-0.038853809237480167,"w":-0.9576014280319214},"size":2.872281312942505,"orthographic":false}